archivo,clase,numero,grupo
Bengin case (1).jpg,Benigno,1,0
Bengin case (2).jpg,Benigno,2,0
Bengin case (3).jpg,Benigno,3,0
Bengin case (4).jpg,Benigno,4,1
Bengin case (5).jpg,Benigno,5,1
Bengin case (6).jpg,Benigno,6,1
Bengin case (7).jpg,Benigno,7,1
Bengin case (8).jpg,Benigno,8,1
Bengin case (9).jpg,Benigno,9,2
Bengin case (10).jpg,Benigno,10,2
Bengin case (11).jpg,Benigno,11,2
Bengin case (12).jpg,Benigno,12,2
Bengin case (13).jpg,Benigno,13,2
Bengin case (14).jpg,Benigno,14,2
Bengin case (15).jpg,Benigno,15,2
Bengin case (16).jpg,Benigno,16,2
Bengin case (17).jpg,Benigno,17,2
Bengin case (18).jpg,Benigno,18,2
Bengin case (19).jpg,Benigno,19,2
Bengin case (20).jpg,Benigno,20,2
Bengin case (21).jpg,Benigno,21,3
Bengin case (22).jpg,Benigno,22,3
Bengin case (23).jpg,Benigno,23,3
Bengin case (24).jpg,Benigno,24,3
Bengin case (25).jpg,Benigno,25,3
Bengin case (26).jpg,Benigno,26,4
Bengin case (27).jpg,Benigno,27,4
Bengin case (28).jpg,Benigno,28,4
Bengin case (29).jpg,Benigno,29,4
Bengin case (30).jpg,Benigno,30,5
Bengin case (31).jpg,Benigno,31,5
Bengin case (32).jpg,Benigno,32,5
Bengin case (33).jpg,Benigno,33,5
Bengin case (34).jpg,Benigno,34,5
Bengin case (35).jpg,Benigno,35,5
Bengin case (36).jpg,Benigno,36,6
Bengin case (37).jpg,Benigno,37,6
Bengin case (38).jpg,Benigno,38,6
Bengin case (39).jpg,Benigno,39,6
Bengin case (40).jpg,Benigno,40,6
Bengin case (41).jpg,Benigno,41,6
Bengin case (42).jpg,Benigno,42,6
Bengin case (43).jpg,Benigno,43,6
Bengin case (44).jpg,Benigno,44,6
Bengin case (45).jpg,Benigno,45,6
Bengin case (46).jpg,Benigno,46,7
Bengin case (47).jpg,Benigno,47,7
Bengin case (48).jpg,Benigno,48,7
Bengin case (49).jpg,Benigno,49,7
Bengin case (50).jpg,Benigno,50,7
Bengin case (51).jpg,Benigno,51,7
Bengin case (52).jpg,Benigno,52,8
Bengin case (53).jpg,Benigno,53,9
Bengin case (54).jpg,Benigno,54,9
Bengin case (55).jpg,Benigno,55,9
Bengin case (56).jpg,Benigno,56,9
Bengin case (57).jpg,Benigno,57,9
Bengin case (58).jpg,Benigno,58,9
Bengin case (59).jpg,Benigno,59,9
Bengin case (60).jpg,Benigno,60,10
Bengin case (61).jpg,Benigno,61,10
Bengin case (62).jpg,Benigno,62,10
Bengin case (63).jpg,Benigno,63,10
Bengin case (64).jpg,Benigno,64,10
Bengin case (65).jpg,Benigno,65,10
Bengin case (66).jpg,Benigno,66,11
Bengin case (67).jpg,Benigno,67,11
Bengin case (68).jpg,Benigno,68,11
Bengin case (69).jpg,Benigno,69,11
Bengin case (70).jpg,Benigno,70,11
Bengin case (71).jpg,Benigno,71,11
Bengin case (72).jpg,Benigno,72,11
Bengin case (73).jpg,Benigno,73,11
Bengin case (74).jpg,Benigno,74,11
Bengin case (75).jpg,Benigno,75,11
Bengin case (76).jpg,Benigno,76,11
Bengin case (77).jpg,Benigno,77,11
Bengin case (78).jpg,Benigno,78,11
Bengin case (79).jpg,Benigno,79,11
Bengin case (80).jpg,Benigno,80,11
Bengin case (81).jpg,Benigno,81,11
Bengin case (82).jpg,Benigno,82,11
Bengin case (83).jpg,Benigno,83,11
Bengin case (84).jpg,Benigno,84,11
Bengin case (85).jpg,Benigno,85,11
Bengin case (86).jpg,Benigno,86,12
Bengin case (87).jpg,Benigno,87,12
Bengin case (88).jpg,Benigno,88,12
Bengin case (89).jpg,Benigno,89,12
Bengin case (90).jpg,Benigno,90,12
Bengin case (91).jpg,Benigno,91,12
Bengin case (92).jpg,Benigno,92,12
Bengin case (93).jpg,Benigno,93,12
Bengin case (94).jpg,Benigno,94,12
Bengin case (95).jpg,Benigno,95,12
Bengin case (96).jpg,Benigno,96,12
Bengin case (97).jpg,Benigno,97,12
Bengin case (98).jpg,Benigno,98,12
Bengin case (99).jpg,Benigno,99,12
Bengin case (100).jpg,Benigno,100,12
Bengin case (101).jpg,Benigno,101,13
Bengin case (102).jpg,Benigno,102,13
Bengin case (103).jpg,Benigno,103,13
Bengin case (104).jpg,Benigno,104,13
Bengin case (105).jpg,Benigno,105,13
Bengin case (106).jpg,Benigno,106,13
Bengin case (107).jpg,Benigno,107,13
Bengin case (108).jpg,Benigno,108,13
Bengin case (109).jpg,Benigno,109,13
Bengin case (110).jpg,Benigno,110,13
Bengin case (111).jpg,Benigno,111,13
Bengin case (112).jpg,Benigno,112,13
Bengin case (113).jpg,Benigno,113,13
Bengin case (114).jpg,Benigno,114,13
Bengin case (115).jpg,Benigno,115,13
Bengin case (116).jpg,Benigno,116,13
Bengin case (117).jpg,Benigno,117,14
Bengin case (118).jpg,Benigno,118,14
Bengin case (119).jpg,Benigno,119,14
Bengin case (120).jpg,Benigno,120,14
Malignant case (1).jpg,Maligno,1,44
Malignant case (2).jpg,Maligno,2,16
Malignant case (3).jpg,Maligno,3,16
Malignant case (4).jpg,Maligno,4,16
Malignant case (5).jpg,Maligno,5,16
Malignant case (6).jpg,Maligno,6,16
Malignant case (7).jpg,Maligno,7,16
Malignant case (8).jpg,Maligno,8,19
Malignant case (9).jpg,Maligno,9,19
Malignant case (10).jpg,Maligno,10,19
Malignant case (11).jpg,Maligno,11,19
Malignant case (12).jpg,Maligno,12,19
Malignant case (13).jpg,Maligno,13,19
Malignant case (14).jpg,Maligno,14,19
Malignant case (15).jpg,Maligno,15,19
Malignant case (16).jpg,Maligno,16,42
Malignant case (17).jpg,Maligno,17,44
Malignant case (18).jpg,Maligno,18,44
Malignant case (19).jpg,Maligno,19,43
Malignant case (20).jpg,Maligno,20,43
Malignant case (21).jpg,Maligno,21,43
Malignant case (22).jpg,Maligno,22,43
Malignant case (23).jpg,Maligno,23,43
Malignant case (24).jpg,Maligno,24,43
Malignant case (25).jpg,Maligno,25,43
Malignant case (26).jpg,Maligno,26,43
Malignant case (27).jpg,Maligno,27,43
Malignant case (28).jpg,Maligno,28,43
Malignant case (29).jpg,Maligno,29,43
Malignant case (30).jpg,Maligno,30,43
Malignant case (31).jpg,Maligno,31,43
Malignant case (32).jpg,Maligno,32,43
Malignant case (33).jpg,Maligno,33,43
Malignant case (34).jpg,Maligno,34,43
Malignant case (35).jpg,Maligno,35,43
Malignant case (36).jpg,Maligno,36,43
Malignant case (37).jpg,Maligno,37,43
Malignant case (38).jpg,Maligno,38,43
Malignant case (39).jpg,Maligno,39,43
Malignant case (40).jpg,Maligno,40,43
Malignant case (41).jpg,Maligno,41,43
Malignant case (42).jpg,Maligno,42,43
Malignant case (43).jpg,Maligno,43,43
Malignant case (44).jpg,Maligno,44,15
Malignant case (45).jpg,Maligno,45,15
Malignant case (46).jpg,Maligno,46,15
Malignant case (47).jpg,Maligno,47,15
Malignant case (48).jpg,Maligno,48,15
Malignant case (49).jpg,Maligno,49,15
Malignant case (50).jpg,Maligno,50,15
Malignant case (51).jpg,Maligno,51,15
Malignant case (52).jpg,Maligno,52,15
Malignant case (53).jpg,Maligno,53,16
Malignant case (54).jpg,Maligno,54,16
Malignant case (55).jpg,Maligno,55,16
Malignant case (56).jpg,Maligno,56,16
Malignant case (57).jpg,Maligno,57,16
Malignant case (58).jpg,Maligno,58,16
Malignant case (59).jpg,Maligno,59,16
Malignant case (60).jpg,Maligno,60,16
Malignant case (61).jpg,Maligno,61,16
Malignant case (62).jpg,Maligno,62,16
Malignant case (63).jpg,Maligno,63,16
Malignant case (64).jpg,Maligno,64,16
Malignant case (65).jpg,Maligno,65,16
Malignant case (66).jpg,Maligno,66,16
Malignant case (67).jpg,Maligno,67,16
Malignant case (68).jpg,Maligno,68,16
Malignant case (69).jpg,Maligno,69,16
Malignant case (70).jpg,Maligno,70,16
Malignant case (71).jpg,Maligno,71,16
Malignant case (72).jpg,Maligno,72,16
Malignant case (73).jpg,Maligno,73,16
Malignant case (74).jpg,Maligno,74,16
Malignant case (75).jpg,Maligno,75,16
Malignant case (76).jpg,Maligno,76,16
Malignant case (77).jpg,Maligno,77,16
Malignant case (78).jpg,Maligno,78,16
Malignant case (79).jpg,Maligno,79,17
Malignant case (80).jpg,Maligno,80,17
Malignant case (81).jpg,Maligno,81,17
Malignant case (82).jpg,Maligno,82,17
Malignant case (83).jpg,Maligno,83,17
Malignant case (84).jpg,Maligno,84,17
Malignant case (85).jpg,Maligno,85,17
Malignant case (86).jpg,Maligno,86,17
Malignant case (87).jpg,Maligno,87,17
Malignant case (88).jpg,Maligno,88,17
Malignant case (89).jpg,Maligno,89,17
Malignant case (90).jpg,Maligno,90,17
Malignant case (91).jpg,Maligno,91,17
Malignant case (92).jpg,Maligno,92,17
Malignant case (93).jpg,Maligno,93,17
Malignant case (94).jpg,Maligno,94,17
Malignant case (95).jpg,Maligno,95,17
Malignant case (96).jpg,Maligno,96,17
Malignant case (97).jpg,Maligno,97,17
Malignant case (98).jpg,Maligno,98,17
Malignant case (99).jpg,Maligno,99,17
Malignant case (100).jpg,Maligno,100,17
Malignant case (101).jpg,Maligno,101,17
Malignant case (102).jpg,Maligno,102,17
Malignant case (103).jpg,Maligno,103,17
Malignant case (104).jpg,Maligno,104,17
Malignant case (105).jpg,Maligno,105,17
Malignant case (106).jpg,Maligno,106,17
Malignant case (107).jpg,Maligno,107,17
Malignant case (108).jpg,Maligno,108,17
Malignant case (109).jpg,Maligno,109,17
Malignant case (110).jpg,Maligno,110,18
Malignant case (111).jpg,Maligno,111,18
Malignant case (112).jpg,Maligno,112,18
Malignant case (113).jpg,Maligno,113,18
Malignant case (114).jpg,Maligno,114,18
Malignant case (115).jpg,Maligno,115,18
Malignant case (116).jpg,Maligno,116,18
Malignant case (117).jpg,Maligno,117,18
Malignant case (118).jpg,Maligno,118,18
Malignant case (119).jpg,Maligno,119,18
Malignant case (120).jpg,Maligno,120,18
Malignant case (121).jpg,Maligno,121,18
Malignant case (122).jpg,Maligno,122,18
Malignant case (123).jpg,Maligno,123,18
Malignant case (124).jpg,Maligno,124,18
Malignant case (125).jpg,Maligno,125,18
Malignant case (126).jpg,Maligno,126,18
Malignant case (127).jpg,Maligno,127,18
Malignant case (128).jpg,Maligno,128,18
Malignant case (129).jpg,Maligno,129,18
Malignant case (130).jpg,Maligno,130,18
Malignant case (131).jpg,Maligno,131,18
Malignant case (132).jpg,Maligno,132,18
Malignant case (133).jpg,Maligno,133,18
Malignant case (134).jpg,Maligno,134,18
Malignant case (135).jpg,Maligno,135,18
Malignant case (136).jpg,Maligno,136,18
Malignant case (137).jpg,Maligno,137,18
Malignant case (138).jpg,Maligno,138,19
Malignant case (139).jpg,Maligno,139,19
Malignant case (140).jpg,Maligno,140,19
Malignant case (141).jpg,Maligno,141,19
Malignant case (142).jpg,Maligno,142,19
Malignant case (143).jpg,Maligno,143,19
Malignant case (144).jpg,Maligno,144,19
Malignant case (145).jpg,Maligno,145,19
Malignant case (146).jpg,Maligno,146,19
Malignant case (147).jpg,Maligno,147,19
Malignant case (148).jpg,Maligno,148,19
Malignant case (149).jpg,Maligno,149,19
Malignant case (150).jpg,Maligno,150,19
Malignant case (151).jpg,Maligno,151,19
Malignant case (152).jpg,Maligno,152,19
Malignant case (153).jpg,Maligno,153,19
Malignant case (154).jpg,Maligno,154,19
Malignant case (155).jpg,Maligno,155,19
Malignant case (156).jpg,Maligno,156,19
Malignant case (157).jpg,Maligno,157,20
Malignant case (158).jpg,Maligno,158,20
Malignant case (159).jpg,Maligno,159,20
Malignant case (160).jpg,Maligno,160,20
Malignant case (161).jpg,Maligno,161,20
Malignant case (162).jpg,Maligno,162,20
Malignant case (163).jpg,Maligno,163,20
Malignant case (164).jpg,Maligno,164,20
Malignant case (165).jpg,Maligno,165,20
Malignant case (166).jpg,Maligno,166,20
Malignant case (167).jpg,Maligno,167,20
Malignant case (168).jpg,Maligno,168,20
Malignant case (169).jpg,Maligno,169,20
Malignant case (170).jpg,Maligno,170,20
Malignant case (171).jpg,Maligno,171,20
Malignant case (172).jpg,Maligno,172,20
Malignant case (173).jpg,Maligno,173,20
Malignant case (174).jpg,Maligno,174,20
Malignant case (175).jpg,Maligno,175,20
Malignant case (176).jpg,Maligno,176,20
Malignant case (177).jpg,Maligno,177,20
Malignant case (178).jpg,Maligno,178,20
Malignant case (179).jpg,Maligno,179,20
Malignant case (180).jpg,Maligno,180,21
Malignant case (181).jpg,Maligno,181,22
Malignant case (182).jpg,Maligno,182,22
Malignant case (183).jpg,Maligno,183,23
Malignant case (184).jpg,Maligno,184,23
Malignant case (185).jpg,Maligno,185,23
Malignant case (186).jpg,Maligno,186,23
Malignant case (187).jpg,Maligno,187,23
Malignant case (188).jpg,Maligno,188,23
Malignant case (189).jpg,Maligno,189,23
Malignant case (190).jpg,Maligno,190,23
Malignant case (191).jpg,Maligno,191,23
Malignant case (192).jpg,Maligno,192,24
Malignant case (193).jpg,Maligno,193,24
Malignant case (194).jpg,Maligno,194,24
Malignant case (195).jpg,Maligno,195,24
Malignant case (196).jpg,Maligno,196,24
Malignant case (197).jpg,Maligno,197,24
Malignant case (198).jpg,Maligno,198,24
Malignant case (199).jpg,Maligno,199,24
Malignant case (200).jpg,Maligno,200,25
Malignant case (201).jpg,Maligno,201,25
Malignant case (202).jpg,Maligno,202,25
Malignant case (203).jpg,Maligno,203,25
Malignant case (204).jpg,Maligno,204,25
Malignant case (205).jpg,Maligno,205,25
Malignant case (206).jpg,Maligno,206,25
Malignant case (207).jpg,Maligno,207,25
Malignant case (208).jpg,Maligno,208,25
Malignant case (209).jpg,Maligno,209,25
Malignant case (210).jpg,Maligno,210,25
Malignant case (211).jpg,Maligno,211,25
Malignant case (212).jpg,Maligno,212,25
Malignant case (213).jpg,Maligno,213,25
Malignant case (214).jpg,Maligno,214,25
Malignant case (215).jpg,Maligno,215,25
Malignant case (216).jpg,Maligno,216,25
Malignant case (217).jpg,Maligno,217,25
Malignant case (218).jpg,Maligno,218,25
Malignant case (219).jpg,Maligno,219,25
Malignant case (220).jpg,Maligno,220,25
Malignant case (221).jpg,Maligno,221,25
Malignant case (222).jpg,Maligno,222,25
Malignant case (223).jpg,Maligno,223,25
Malignant case (224).jpg,Maligno,224,25
Malignant case (225).jpg,Maligno,225,25
Malignant case (226).jpg,Maligno,226,25
Malignant case (227).jpg,Maligno,227,25
Malignant case (228).jpg,Maligno,228,26
Malignant case (229).jpg,Maligno,229,26
Malignant case (230).jpg,Maligno,230,26
Malignant case (231).jpg,Maligno,231,26
Malignant case (232).jpg,Maligno,232,26
Malignant case (233).jpg,Maligno,233,26
Malignant case (234).jpg,Maligno,234,26
Malignant case (235).jpg,Maligno,235,26
Malignant case (236).jpg,Maligno,236,26
Malignant case (237).jpg,Maligno,237,26
Malignant case (238).jpg,Maligno,238,26
Malignant case (239).jpg,Maligno,239,26
Malignant case (240).jpg,Maligno,240,26
Malignant case (241).jpg,Maligno,241,26
Malignant case (242).jpg,Maligno,242,26
Malignant case (243).jpg,Maligno,243,26
Malignant case (244).jpg,Maligno,244,26
Malignant case (245).jpg,Maligno,245,26
Malignant case (246).jpg,Maligno,246,26
Malignant case (247).jpg,Maligno,247,26
Malignant case (248).jpg,Maligno,248,26
Malignant case (249).jpg,Maligno,249,26
Malignant case (250).jpg,Maligno,250,26
Malignant case (251).jpg,Maligno,251,26
Malignant case (252).jpg,Maligno,252,26
Malignant case (253).jpg,Maligno,253,26
Malignant case (254).jpg,Maligno,254,26
Malignant case (255).jpg,Maligno,255,26
Malignant case (256).jpg,Maligno,256,26
Malignant case (257).jpg,Maligno,257,26
Malignant case (258).jpg,Maligno,258,26
Malignant case (259).jpg,Maligno,259,27
Malignant case (260).jpg,Maligno,260,27
Malignant case (261).jpg,Maligno,261,27
Malignant case (262).jpg,Maligno,262,27
Malignant case (263).jpg,Maligno,263,27
Malignant case (264).jpg,Maligno,264,27
Malignant case (265).jpg,Maligno,265,27
Malignant case (266).jpg,Maligno,266,27
Malignant case (267).jpg,Maligno,267,27
Malignant case (268).jpg,Maligno,268,27
Malignant case (269).jpg,Maligno,269,28
Malignant case (270).jpg,Maligno,270,28
Malignant case (271).jpg,Maligno,271,28
Malignant case (272).jpg,Maligno,272,28
Malignant case (273).jpg,Maligno,273,28
Malignant case (274).jpg,Maligno,274,28
Malignant case (275).jpg,Maligno,275,28
Malignant case (276).jpg,Maligno,276,28
Malignant case (277).jpg,Maligno,277,28
Malignant case (278).jpg,Maligno,278,28
Malignant case (279).jpg,Maligno,279,28
Malignant case (280).jpg,Maligno,280,28
Malignant case (281).jpg,Maligno,281,28
Malignant case (282).jpg,Maligno,282,28
Malignant case (283).jpg,Maligno,283,28
Malignant case (284).jpg,Maligno,284,28
Malignant case (285).jpg,Maligno,285,28
Malignant case (286).jpg,Maligno,286,28
Malignant case (287).jpg,Maligno,287,28
Malignant case (288).jpg,Maligno,288,29
Malignant case (289).jpg,Maligno,289,29
Malignant case (290).jpg,Maligno,290,29
Malignant case (291).jpg,Maligno,291,29
Malignant case (292).jpg,Maligno,292,29
Malignant case (293).jpg,Maligno,293,29
Malignant case (294).jpg,Maligno,294,29
Malignant case (295).jpg,Maligno,295,29
Malignant case (296).jpg,Maligno,296,29
Malignant case (297).jpg,Maligno,297,29
Malignant case (298).jpg,Maligno,298,29
Malignant case (299).jpg,Maligno,299,29
Malignant case (300).jpg,Maligno,300,29
Malignant case (301).jpg,Maligno,301,29
Malignant case (302).jpg,Maligno,302,29
Malignant case (303).jpg,Maligno,303,29
Malignant case (304).jpg,Maligno,304,29
Malignant case (305).jpg,Maligno,305,29
Malignant case (306).jpg,Maligno,306,29
Malignant case (307).jpg,Maligno,307,29
Malignant case (308).jpg,Maligno,308,29
Malignant case (309).jpg,Maligno,309,29
Malignant case (310).jpg,Maligno,310,29
Malignant case (311).jpg,Maligno,311,29
Malignant case (312).jpg,Maligno,312,29
Malignant case (313).jpg,Maligno,313,29
Malignant case (314).jpg,Maligno,314,29
Malignant case (315).jpg,Maligno,315,29
Malignant case (316).jpg,Maligno,316,29
Malignant case (317).jpg,Maligno,317,29
Malignant case (318).jpg,Maligno,318,29
Malignant case (319).jpg,Maligno,319,29
Malignant case (320).jpg,Maligno,320,29
Malignant case (321).jpg,Maligno,321,29
Malignant case (322).jpg,Maligno,322,29
Malignant case (323).jpg,Maligno,323,43
Malignant case (324).jpg,Maligno,324,43
Malignant case (325).jpg,Maligno,325,43
Malignant case (326).jpg,Maligno,326,43
Malignant case (327).jpg,Maligno,327,43
Malignant case (328).jpg,Maligno,328,43
Malignant case (329).jpg,Maligno,329,43
Malignant case (330).jpg,Maligno,330,43
Malignant case (331).jpg,Maligno,331,43
Malignant case (332).jpg,Maligno,332,43
Malignant case (333).jpg,Maligno,333,43
Malignant case (334).jpg,Maligno,334,43
Malignant case (335).jpg,Maligno,335,43
Malignant case (336).jpg,Maligno,336,43
Malignant case (337).jpg,Maligno,337,43
Malignant case (338).jpg,Maligno,338,43
Malignant case (339).jpg,Maligno,339,43
Malignant case (340).jpg,Maligno,340,43
Malignant case (341).jpg,Maligno,341,43
Malignant case (342).jpg,Maligno,342,43
Malignant case (343).jpg,Maligno,343,43
Malignant case (344).jpg,Maligno,344,43
Malignant case (345).jpg,Maligno,345,43
Malignant case (346).jpg,Maligno,346,43
Malignant case (347).jpg,Maligno,347,43
Malignant case (348).jpg,Maligno,348,43
Malignant case (349).jpg,Maligno,349,43
Malignant case (350).jpg,Maligno,350,43
Malignant case (351).jpg,Maligno,351,43
Malignant case (352).jpg,Maligno,352,30
Malignant case (353).jpg,Maligno,353,30
Malignant case (354).jpg,Maligno,354,30
Malignant case (355).jpg,Maligno,355,30
Malignant case (356).jpg,Maligno,356,30
Malignant case (357).jpg,Maligno,357,30
Malignant case (358).jpg,Maligno,358,30
Malignant case (359).jpg,Maligno,359,30
Malignant case (360).jpg,Maligno,360,30
Malignant case (361).jpg,Maligno,361,30
Malignant case (362).jpg,Maligno,362,30
Malignant case (363).jpg,Maligno,363,30
Malignant case (364).jpg,Maligno,364,30
Malignant case (365).jpg,Maligno,365,31
Malignant case (366).jpg,Maligno,366,31
Malignant case (367).jpg,Maligno,367,32
Malignant case (368).jpg,Maligno,368,32
Malignant case (369).jpg,Maligno,369,32
Malignant case (370).jpg,Maligno,370,32
Malignant case (371).jpg,Maligno,371,32
Malignant case (372).jpg,Maligno,372,32
Malignant case (373).jpg,Maligno,373,32
Malignant case (374).jpg,Maligno,374,32
Malignant case (375).jpg,Maligno,375,32
Malignant case (376).jpg,Maligno,376,32
Malignant case (377).jpg,Maligno,377,32
Malignant case (378).jpg,Maligno,378,32
Malignant case (379).jpg,Maligno,379,32
Malignant case (380).jpg,Maligno,380,32
Malignant case (381).jpg,Maligno,381,33
Malignant case (382).jpg,Maligno,382,33
Malignant case (383).jpg,Maligno,383,33
Malignant case (384).jpg,Maligno,384,33
Malignant case (385).jpg,Maligno,385,33
Malignant case (386).jpg,Maligno,386,33
Malignant case (387).jpg,Maligno,387,33
Malignant case (388).jpg,Maligno,388,33
Malignant case (389).jpg,Maligno,389,33
Malignant case (390).jpg,Maligno,390,33
Malignant case (391).jpg,Maligno,391,33
Malignant case (392).jpg,Maligno,392,33
Malignant case (393).jpg,Maligno,393,33
Malignant case (394).jpg,Maligno,394,33
Malignant case (395).jpg,Maligno,395,33
Malignant case (396).jpg,Maligno,396,33
Malignant case (397).jpg,Maligno,397,33
Malignant case (398).jpg,Maligno,398,33
Malignant case (399).jpg,Maligno,399,33
Malignant case (400).jpg,Maligno,400,33
Malignant case (401).jpg,Maligno,401,33
Malignant case (402).jpg,Maligno,402,33
Malignant case (403).jpg,Maligno,403,33
Malignant case (404).jpg,Maligno,404,33
Malignant case (405).jpg,Maligno,405,33
Malignant case (406).jpg,Maligno,406,33
Malignant case (407).jpg,Maligno,407,33
Malignant case (408).jpg,Maligno,408,33
Malignant case (409).jpg,Maligno,409,33
Malignant case (410).jpg,Maligno,410,33
Malignant case (411).jpg,Maligno,411,33
Malignant case (412).jpg,Maligno,412,33
Malignant case (413).jpg,Maligno,413,33
Malignant case (414).jpg,Maligno,414,33
Malignant case (415).jpg,Maligno,415,34
Malignant case (416).jpg,Maligno,416,34
Malignant case (417).jpg,Maligno,417,34
Malignant case (418).jpg,Maligno,418,34
Malignant case (419).jpg,Maligno,419,34
Malignant case (420).jpg,Maligno,420,34
Malignant case (421).jpg,Maligno,421,34
Malignant case (422).jpg,Maligno,422,34
Malignant case (423).jpg,Maligno,423,34
Malignant case (424).jpg,Maligno,424,34
Malignant case (425).jpg,Maligno,425,34
Malignant case (426).jpg,Maligno,426,34
Malignant case (427).jpg,Maligno,427,35
Malignant case (428).jpg,Maligno,428,35
Malignant case (429).jpg,Maligno,429,35
Malignant case (430).jpg,Maligno,430,35
Malignant case (431).jpg,Maligno,431,35
Malignant case (432).jpg,Maligno,432,35
Malignant case (433).jpg,Maligno,433,35
Malignant case (434).jpg,Maligno,434,35
Malignant case (435).jpg,Maligno,435,35
Malignant case (436).jpg,Maligno,436,35
Malignant case (437).jpg,Maligno,437,35
Malignant case (438).jpg,Maligno,438,35
Malignant case (439).jpg,Maligno,439,35
Malignant case (440).jpg,Maligno,440,36
Malignant case (441).jpg,Maligno,441,36
Malignant case (442).jpg,Maligno,442,36
Malignant case (443).jpg,Maligno,443,36
Malignant case (444).jpg,Maligno,444,36
Malignant case (445).jpg,Maligno,445,36
Malignant case (446).jpg,Maligno,446,36
Malignant case (447).jpg,Maligno,447,36
Malignant case (448).jpg,Maligno,448,36
Malignant case (449).jpg,Maligno,449,36
Malignant case (450).jpg,Maligno,450,36
Malignant case (451).jpg,Maligno,451,36
Malignant case (452).jpg,Maligno,452,36
Malignant case (453).jpg,Maligno,453,36
Malignant case (454).jpg,Maligno,454,36
Malignant case (455).jpg,Maligno,455,36
Malignant case (456).jpg,Maligno,456,36
Malignant case (457).jpg,Maligno,457,36
Malignant case (458).jpg,Maligno,458,36
Malignant case (459).jpg,Maligno,459,37
Malignant case (460).jpg,Maligno,460,37
Malignant case (461).jpg,Maligno,461,37
Malignant case (462).jpg,Maligno,462,37
Malignant case (463).jpg,Maligno,463,37
Malignant case (464).jpg,Maligno,464,37
Malignant case (465).jpg,Maligno,465,37
Malignant case (466).jpg,Maligno,466,37
Malignant case (467).jpg,Maligno,467,37
Malignant case (468).jpg,Maligno,468,37
Malignant case (469).jpg,Maligno,469,37
Malignant case (470).jpg,Maligno,470,37
Malignant case (471).jpg,Maligno,471,37
Malignant case (472).jpg,Maligno,472,37
Malignant case (473).jpg,Maligno,473,37
Malignant case (474).jpg,Maligno,474,37
Malignant case (475).jpg,Maligno,475,37
Malignant case (476).jpg,Maligno,476,37
Malignant case (477).jpg,Maligno,477,37
Malignant case (478).jpg,Maligno,478,37
Malignant case (479).jpg,Maligno,479,37
Malignant case (480).jpg,Maligno,480,37
Malignant case (481).jpg,Maligno,481,37
Malignant case (482).jpg,Maligno,482,37
Malignant case (483).jpg,Maligno,483,38
Malignant case (484).jpg,Maligno,484,38
Malignant case (485).jpg,Maligno,485,38
Malignant case (486).jpg,Maligno,486,38
Malignant case (487).jpg,Maligno,487,38
Malignant case (488).jpg,Maligno,488,38
Malignant case (489).jpg,Maligno,489,38
Malignant case (490).jpg,Maligno,490,38
Malignant case (491).jpg,Maligno,491,38
Malignant case (492).jpg,Maligno,492,38
Malignant case (493).jpg,Maligno,493,38
Malignant case (494).jpg,Maligno,494,39
Malignant case (495).jpg,Maligno,495,39
Malignant case (496).jpg,Maligno,496,39
Malignant case (497).jpg,Maligno,497,39
Malignant case (498).jpg,Maligno,498,39
Malignant case (499).jpg,Maligno,499,39
Malignant case (500).jpg,Maligno,500,39
Malignant case (501).jpg,Maligno,501,39
Malignant case (502).jpg,Maligno,502,39
Malignant case (503).jpg,Maligno,503,39
Malignant case (504).jpg,Maligno,504,39
Malignant case (505).jpg,Maligno,505,39
Malignant case (506).jpg,Maligno,506,39
Malignant case (507).jpg,Maligno,507,39
Malignant case (508).jpg,Maligno,508,40
Malignant case (509).jpg,Maligno,509,40
Malignant case (510).jpg,Maligno,510,40
Malignant case (511).jpg,Maligno,511,40
Malignant case (512).jpg,Maligno,512,40
Malignant case (513).jpg,Maligno,513,40
Malignant case (514).jpg,Maligno,514,40
Malignant case (515).jpg,Maligno,515,40
Malignant case (516).jpg,Maligno,516,40
Malignant case (517).jpg,Maligno,517,40
Malignant case (518).jpg,Maligno,518,40
Malignant case (519).jpg,Maligno,519,40
Malignant case (520).jpg,Maligno,520,40
Malignant case (521).jpg,Maligno,521,40
Malignant case (522).jpg,Maligno,522,40
Malignant case (523).jpg,Maligno,523,42
Malignant case (524).jpg,Maligno,524,42
Malignant case (525).jpg,Maligno,525,42
Malignant case (526).jpg,Maligno,526,42
Malignant case (527).jpg,Maligno,527,41
Malignant case (528).jpg,Maligno,528,42
Malignant case (529).jpg,Maligno,529,42
Malignant case (530).jpg,Maligno,530,42
Malignant case (531).jpg,Maligno,531,42
Malignant case (532).jpg,Maligno,532,42
Malignant case (533).jpg,Maligno,533,42
Malignant case (534).jpg,Maligno,534,42
Malignant case (535).jpg,Maligno,535,42
Malignant case (536).jpg,Maligno,536,42
Malignant case (537).jpg,Maligno,537,42
Malignant case (538).jpg,Maligno,538,43
Malignant case (539).jpg,Maligno,539,44
Malignant case (540).jpg,Maligno,540,44
Malignant case (541).jpg,Maligno,541,44
Malignant case (542).jpg,Maligno,542,43
Malignant case (543).jpg,Maligno,543,44
Malignant case (544).jpg,Maligno,544,44
Malignant case (545).jpg,Maligno,545,44
Malignant case (546).jpg,Maligno,546,44
Malignant case (547).jpg,Maligno,547,44
Malignant case (548).jpg,Maligno,548,44
Malignant case (549).jpg,Maligno,549,44
Malignant case (550).jpg,Maligno,550,44
Malignant case (551).jpg,Maligno,551,44
Malignant case (552).jpg,Maligno,552,44
Malignant case (553).jpg,Maligno,553,44
Malignant case (554).jpg,Maligno,554,44
Malignant case (555).jpg,Maligno,555,44
Malignant case (556).jpg,Maligno,556,44
Malignant case (557).jpg,Maligno,557,44
Malignant case (558).jpg,Maligno,558,44
Malignant case (559).jpg,Maligno,559,44
Malignant case (560).jpg,Maligno,560,44
Malignant case (561).jpg,Maligno,561,44
Normal case (1).jpg,Normal,1,45
Normal case (2).jpg,Normal,2,45
Normal case (3).jpg,Normal,3,45
Normal case (4).jpg,Normal,4,45
Normal case (5).jpg,Normal,5,45
Normal case (6).jpg,Normal,6,45
Normal case (7).jpg,Normal,7,45
Normal case (8).jpg,Normal,8,80
Normal case (9).jpg,Normal,9,80
Normal case (10).jpg,Normal,10,80
Normal case (11).jpg,Normal,11,80
Normal case (12).jpg,Normal,12,80
Normal case (13).jpg,Normal,13,80
Normal case (14).jpg,Normal,14,81
Normal case (15).jpg,Normal,15,81
Normal case (16).jpg,Normal,16,81
Normal case (17).jpg,Normal,17,81
Normal case (18).jpg,Normal,18,81
Normal case (19).jpg,Normal,19,81
Normal case (20).jpg,Normal,20,81
Normal case (21).jpg,Normal,21,81
Normal case (22).jpg,Normal,22,81
Normal case (23).jpg,Normal,23,81
Normal case (24).jpg,Normal,24,81
Normal case (25).jpg,Normal,25,46
Normal case (26).jpg,Normal,26,46
Normal case (27).jpg,Normal,27,47
Normal case (28).jpg,Normal,28,47
Normal case (29).jpg,Normal,29,47
Normal case (30).jpg,Normal,30,47
Normal case (31).jpg,Normal,31,47
Normal case (32).jpg,Normal,32,47
Normal case (33).jpg,Normal,33,49
Normal case (34).jpg,Normal,34,49
Normal case (35).jpg,Normal,35,49
Normal case (36).jpg,Normal,36,49
Normal case (37).jpg,Normal,37,48
Normal case (38).jpg,Normal,38,49
Normal case (39).jpg,Normal,39,50
Normal case (40).jpg,Normal,40,50
Normal case (41).jpg,Normal,41,50
Normal case (42).jpg,Normal,42,50
Normal case (43).jpg,Normal,43,50
Normal case (44).jpg,Normal,44,50
Normal case (45).jpg,Normal,45,50
Normal case (46).jpg,Normal,46,50
Normal case (47).jpg,Normal,47,50
Normal case (48).jpg,Normal,48,51
Normal case (49).jpg,Normal,49,51
Normal case (50).jpg,Normal,50,52
Normal case (51).jpg,Normal,51,52
Normal case (52).jpg,Normal,52,52
Normal case (53).jpg,Normal,53,52
Normal case (54).jpg,Normal,54,52
Normal case (55).jpg,Normal,55,52
Normal case (56).jpg,Normal,56,52
Normal case (57).jpg,Normal,57,52
Normal case (58).jpg,Normal,58,52
Normal case (59).jpg,Normal,59,53
Normal case (60).jpg,Normal,60,53
Normal case (61).jpg,Normal,61,53
Normal case (62).jpg,Normal,62,53
Normal case (63).jpg,Normal,63,53
Normal case (64).jpg,Normal,64,54
Normal case (65).jpg,Normal,65,54
Normal case (66).jpg,Normal,66,54
Normal case (67).jpg,Normal,67,54
Normal case (68).jpg,Normal,68,54
Normal case (69).jpg,Normal,69,54
Normal case (70).jpg,Normal,70,54
Normal case (71).jpg,Normal,71,54
Normal case (72).jpg,Normal,72,54
Normal case (73).jpg,Normal,73,55
Normal case (74).jpg,Normal,74,55
Normal case (75).jpg,Normal,75,55
Normal case (76).jpg,Normal,76,55
Normal case (77).jpg,Normal,77,55
Normal case (78).jpg,Normal,78,55
Normal case (79).jpg,Normal,79,55
Normal case (80).jpg,Normal,80,55
Normal case (81).jpg,Normal,81,55
Normal case (82).jpg,Normal,82,55
Normal case (83).jpg,Normal,83,55
Normal case (84).jpg,Normal,84,55
Normal case (85).jpg,Normal,85,55
Normal case (86).jpg,Normal,86,55
Normal case (87).jpg,Normal,87,55
Normal case (88).jpg,Normal,88,55
Normal case (89).jpg,Normal,89,55
Normal case (90).jpg,Normal,90,55
Normal case (91).jpg,Normal,91,55
Normal case (92).jpg,Normal,92,55
Normal case (93).jpg,Normal,93,55
Normal case (94).jpg,Normal,94,55
Normal case (95).jpg,Normal,95,55
Normal case (96).jpg,Normal,96,55
Normal case (97).jpg,Normal,97,55
Normal case (98).jpg,Normal,98,56
Normal case (99).jpg,Normal,99,56
Normal case (100).jpg,Normal,100,56
Normal case (101).jpg,Normal,101,56
Normal case (102).jpg,Normal,102,56
Normal case (103).jpg,Normal,103,56
Normal case (104).jpg,Normal,104,56
Normal case (105).jpg,Normal,105,56
Normal case (106).jpg,Normal,106,56
Normal case (107).jpg,Normal,107,56
Normal case (108).jpg,Normal,108,56
Normal case (109).jpg,Normal,109,56
Normal case (110).jpg,Normal,110,56
Normal case (111).jpg,Normal,111,56
Normal case (112).jpg,Normal,112,57
Normal case (113).jpg,Normal,113,57
Normal case (114).jpg,Normal,114,57
Normal case (115).jpg,Normal,115,58
Normal case (116).jpg,Normal,116,58
Normal case (117).jpg,Normal,117,58
Normal case (118).jpg,Normal,118,58
Normal case (119).jpg,Normal,119,58
Normal case (120).jpg,Normal,120,58
Normal case (121).jpg,Normal,121,58
Normal case (122).jpg,Normal,122,59
Normal case (123).jpg,Normal,123,59
Normal case (124).jpg,Normal,124,59
Normal case (125).jpg,Normal,125,59
Normal case (126).jpg,Normal,126,59
Normal case (127).jpg,Normal,127,59
Normal case (128).jpg,Normal,128,59
Normal case (129).jpg,Normal,129,59
Normal case (130).jpg,Normal,130,59
Normal case (131).jpg,Normal,131,82
Normal case (132).jpg,Normal,132,82
Normal case (133).jpg,Normal,133,82
Normal case (134).jpg,Normal,134,82
Normal case (135).jpg,Normal,135,82
Normal case (136).jpg,Normal,136,82
Normal case (137).jpg,Normal,137,82
Normal case (138).jpg,Normal,138,82
Normal case (139).jpg,Normal,139,82
Normal case (140).jpg,Normal,140,82
Normal case (141).jpg,Normal,141,82
Normal case (142).jpg,Normal,142,82
Normal case (143).jpg,Normal,143,82
Normal case (144).jpg,Normal,144,82
Normal case (145).jpg,Normal,145,82
Normal case (146).jpg,Normal,146,82
Normal case (147).jpg,Normal,147,82
Normal case (148).jpg,Normal,148,82
Normal case (149).jpg,Normal,149,82
Normal case (150).jpg,Normal,150,82
Normal case (151).jpg,Normal,151,82
Normal case (152).jpg,Normal,152,82
Normal case (153).jpg,Normal,153,82
Normal case (154).jpg,Normal,154,82
Normal case (155).jpg,Normal,155,82
Normal case (156).jpg,Normal,156,82
Normal case (157).jpg,Normal,157,82
Normal case (158).jpg,Normal,158,60
Normal case (159).jpg,Normal,159,60
Normal case (160).jpg,Normal,160,60
Normal case (161).jpg,Normal,161,60
Normal case (162).jpg,Normal,162,60
Normal case (163).jpg,Normal,163,60
Normal case (164).jpg,Normal,164,60
Normal case (165).jpg,Normal,165,60
Normal case (166).jpg,Normal,166,60
Normal case (167).jpg,Normal,167,60
Normal case (168).jpg,Normal,168,61
Normal case (169).jpg,Normal,169,61
Normal case (170).jpg,Normal,170,61
Normal case (171).jpg,Normal,171,61
Normal case (172).jpg,Normal,172,61
Normal case (173).jpg,Normal,173,61
Normal case (174).jpg,Normal,174,62
Normal case (175).jpg,Normal,175,63
Normal case (176).jpg,Normal,176,63
Normal case (177).jpg,Normal,177,63
Normal case (178).jpg,Normal,178,63
Normal case (179).jpg,Normal,179,63
Normal case (180).jpg,Normal,180,63
Normal case (181).jpg,Normal,181,63
Normal case (182).jpg,Normal,182,63
Normal case (183).jpg,Normal,183,63
Normal case (184).jpg,Normal,184,63
Normal case (185).jpg,Normal,185,63
Normal case (186).jpg,Normal,186,63
Normal case (187).jpg,Normal,187,63
Normal case (188).jpg,Normal,188,63
Normal case (189).jpg,Normal,189,63
Normal case (190).jpg,Normal,190,63
Normal case (191).jpg,Normal,191,63
Normal case (192).jpg,Normal,192,63
Normal case (193).jpg,Normal,193,63
Normal case (194).jpg,Normal,194,63
Normal case (195).jpg,Normal,195,63
Normal case (196).jpg,Normal,196,63
Normal case (197).jpg,Normal,197,63
Normal case (198).jpg,Normal,198,63
Normal case (199).jpg,Normal,199,63
Normal case (200).jpg,Normal,200,64
Normal case (201).jpg,Normal,201,64
Normal case (202).jpg,Normal,202,64
Normal case (203).jpg,Normal,203,65
Normal case (204).jpg,Normal,204,65
Normal case (205).jpg,Normal,205,65
Normal case (206).jpg,Normal,206,65
Normal case (207).jpg,Normal,207,65
Normal case (208).jpg,Normal,208,65
Normal case (209).jpg,Normal,209,65
Normal case (210).jpg,Normal,210,64
Normal case (211).jpg,Normal,211,65
Normal case (212).jpg,Normal,212,65
Normal case (213).jpg,Normal,213,65
Normal case (214).jpg,Normal,214,65
Normal case (215).jpg,Normal,215,65
Normal case (216).jpg,Normal,216,65
Normal case (217).jpg,Normal,217,65
Normal case (218).jpg,Normal,218,65
Normal case (219).jpg,Normal,219,65
Normal case (220).jpg,Normal,220,66
Normal case (221).jpg,Normal,221,66
Normal case (222).jpg,Normal,222,66
Normal case (223).jpg,Normal,223,67
Normal case (224).jpg,Normal,224,67
Normal case (225).jpg,Normal,225,67
Normal case (226).jpg,Normal,226,67
Normal case (227).jpg,Normal,227,67
Normal case (228).jpg,Normal,228,67
Normal case (229).jpg,Normal,229,67
Normal case (230).jpg,Normal,230,68
Normal case (231).jpg,Normal,231,69
Normal case (232).jpg,Normal,232,69
Normal case (233).jpg,Normal,233,69
Normal case (234).jpg,Normal,234,69
Normal case (235).jpg,Normal,235,69
Normal case (236).jpg,Normal,236,69
Normal case (237).jpg,Normal,237,69
Normal case (238).jpg,Normal,238,69
Normal case (239).jpg,Normal,239,69
Normal case (240).jpg,Normal,240,69
Normal case (241).jpg,Normal,241,69
Normal case (242).jpg,Normal,242,69
Normal case (243).jpg,Normal,243,69
Normal case (244).jpg,Normal,244,69
Normal case (245).jpg,Normal,245,69
Normal case (246).jpg,Normal,246,69
Normal case (247).jpg,Normal,247,69
Normal case (248).jpg,Normal,248,69
Normal case (249).jpg,Normal,249,69
Normal case (250).jpg,Normal,250,69
Normal case (251).jpg,Normal,251,69
Normal case (252).jpg,Normal,252,69
Normal case (253).jpg,Normal,253,69
Normal case (254).jpg,Normal,254,70
Normal case (255).jpg,Normal,255,70
Normal case (256).jpg,Normal,256,70
Normal case (257).jpg,Normal,257,70
Normal case (258).jpg,Normal,258,70
Normal case (259).jpg,Normal,259,70
Normal case (260).jpg,Normal,260,70
Normal case (261).jpg,Normal,261,70
Normal case (262).jpg,Normal,262,70
Normal case (263).jpg,Normal,263,70
Normal case (264).jpg,Normal,264,70
Normal case (265).jpg,Normal,265,70
Normal case (266).jpg,Normal,266,70
Normal case (267).jpg,Normal,267,70
Normal case (268).jpg,Normal,268,70
Normal case (269).jpg,Normal,269,70
Normal case (270).jpg,Normal,270,70
Normal case (271).jpg,Normal,271,70
Normal case (272).jpg,Normal,272,70
Normal case (273).jpg,Normal,273,70
Normal case (274).jpg,Normal,274,70
Normal case (275).jpg,Normal,275,70
Normal case (276).jpg,Normal,276,70
Normal case (277).jpg,Normal,277,70
Normal case (278).jpg,Normal,278,70
Normal case (279).jpg,Normal,279,71
Normal case (280).jpg,Normal,280,71
Normal case (281).jpg,Normal,281,71
Normal case (282).jpg,Normal,282,71
Normal case (283).jpg,Normal,283,71
Normal case (284).jpg,Normal,284,71
Normal case (285).jpg,Normal,285,71
Normal case (286).jpg,Normal,286,71
Normal case (287).jpg,Normal,287,71
Normal case (288).jpg,Normal,288,71
Normal case (289).jpg,Normal,289,71
Normal case (290).jpg,Normal,290,71
Normal case (291).jpg,Normal,291,71
Normal case (292).jpg,Normal,292,71
Normal case (293).jpg,Normal,293,71
Normal case (294).jpg,Normal,294,71
Normal case (295).jpg,Normal,295,71
Normal case (296).jpg,Normal,296,71
Normal case (297).jpg,Normal,297,71
Normal case (298).jpg,Normal,298,71
Normal case (299).jpg,Normal,299,71
Normal case (300).jpg,Normal,300,71
Normal case (301).jpg,Normal,301,71
Normal case (302).jpg,Normal,302,71
Normal case (303).jpg,Normal,303,71
Normal case (304).jpg,Normal,304,71
Normal case (305).jpg,Normal,305,71
Normal case (306).jpg,Normal,306,71
Normal case (307).jpg,Normal,307,71
Normal case (308).jpg,Normal,308,71
Normal case (309).jpg,Normal,309,71
Normal case (310).jpg,Normal,310,71
Normal case (311).jpg,Normal,311,71
Normal case (312).jpg,Normal,312,71
Normal case (313).jpg,Normal,313,71
Normal case (314).jpg,Normal,314,71
Normal case (315).jpg,Normal,315,71
Normal case (316).jpg,Normal,316,71
Normal case (317).jpg,Normal,317,71
Normal case (318).jpg,Normal,318,71
Normal case (319).jpg,Normal,319,71
Normal case (320).jpg,Normal,320,71
Normal case (321).jpg,Normal,321,71
Normal case (322).jpg,Normal,322,71
Normal case (323).jpg,Normal,323,71
Normal case (324).jpg,Normal,324,79
Normal case (325).jpg,Normal,325,79
Normal case (326).jpg,Normal,326,79
Normal case (327).jpg,Normal,327,79
Normal case (328).jpg,Normal,328,79
Normal case (329).jpg,Normal,329,79
Normal case (330).jpg,Normal,330,79
Normal case (331).jpg,Normal,331,79
Normal case (332).jpg,Normal,332,79
Normal case (333).jpg,Normal,333,79
Normal case (334).jpg,Normal,334,79
Normal case (335).jpg,Normal,335,79
Normal case (336).jpg,Normal,336,78
Normal case (337).jpg,Normal,337,78
Normal case (338).jpg,Normal,338,78
Normal case (339).jpg,Normal,339,78
Normal case (340).jpg,Normal,340,78
Normal case (341).jpg,Normal,341,78
Normal case (342).jpg,Normal,342,78
Normal case (343).jpg,Normal,343,78
Normal case (344).jpg,Normal,344,72
Normal case (345).jpg,Normal,345,73
Normal case (346).jpg,Normal,346,73
Normal case (347).jpg,Normal,347,73
Normal case (348).jpg,Normal,348,73
Normal case (349).jpg,Normal,349,73
Normal case (350).jpg,Normal,350,73
Normal case (351).jpg,Normal,351,73
Normal case (352).jpg,Normal,352,73
Normal case (353).jpg,Normal,353,73
Normal case (354).jpg,Normal,354,73
Normal case (355).jpg,Normal,355,74
Normal case (356).jpg,Normal,356,74
Normal case (357).jpg,Normal,357,74
Normal case (358).jpg,Normal,358,77
Normal case (359).jpg,Normal,359,77
Normal case (360).jpg,Normal,360,77
Normal case (361).jpg,Normal,361,77
Normal case (362).jpg,Normal,362,77
Normal case (363).jpg,Normal,363,77
Normal case (364).jpg,Normal,364,77
Normal case (365).jpg,Normal,365,77
Normal case (366).jpg,Normal,366,77
Normal case (367).jpg,Normal,367,77
Normal case (368).jpg,Normal,368,77
Normal case (369).jpg,Normal,369,77
Normal case (370).jpg,Normal,370,77
Normal case (371).jpg,Normal,371,77
Normal case (372).jpg,Normal,372,77
Normal case (373).jpg,Normal,373,77
Normal case (374).jpg,Normal,374,77
Normal case (375).jpg,Normal,375,77
Normal case (376).jpg,Normal,376,77
Normal case (377).jpg,Normal,377,77
Normal case (378).jpg,Normal,378,77
Normal case (379).jpg,Normal,379,77
Normal case (380).jpg,Normal,380,77
Normal case (381).jpg,Normal,381,77
Normal case (382).jpg,Normal,382,77
Normal case (383).jpg,Normal,383,77
Normal case (384).jpg,Normal,384,77
Normal case (385).jpg,Normal,385,77
Normal case (386).jpg,Normal,386,75
Normal case (387).jpg,Normal,387,75
Normal case (388).jpg,Normal,388,75
Normal case (389).jpg,Normal,389,75
Normal case (390).jpg,Normal,390,75
Normal case (391).jpg,Normal,391,75
Normal case (392).jpg,Normal,392,75
Normal case (393).jpg,Normal,393,75
Normal case (394).jpg,Normal,394,75
Normal case (395).jpg,Normal,395,75
Normal case (396).jpg,Normal,396,75
Normal case (397).jpg,Normal,397,75
Normal case (398).jpg,Normal,398,75
Normal case (399).jpg,Normal,399,76
Normal case (400).jpg,Normal,400,76
Normal case (401).jpg,Normal,401,76
Normal case (402).jpg,Normal,402,76
Normal case (403).jpg,Normal,403,76
Normal case (404).jpg,Normal,404,76
Normal case (405).jpg,Normal,405,76
Normal case (406).jpg,Normal,406,77
Normal case (407).jpg,Normal,407,77
Normal case (408).jpg,Normal,408,77
Normal case (409).jpg,Normal,409,77
Normal case (410).jpg,Normal,410,78
Normal case (411).jpg,Normal,411,79
Normal case (412).jpg,Normal,412,80
Normal case (413).jpg,Normal,413,81
Normal case (414).jpg,Normal,414,82
Normal case (415).jpg,Normal,415,82
Normal case (416).jpg,Normal,416,82
