escenario,arquitectura,aumento,lr,dropout_bloques,f1_macro_val,sens_benigno_val,sens_maligno_val,sens_normal_val,tiempo_min,run_dir,lr_ajuste,capas_descongeladas
M1,cnn,,0.0003,0.25,0.378916827852998,0.0,0.34146341463414637,1.0,29.84411528110504,C:\Users\Cesar\Desktop\MAESTRIA\tfm-lung-cancer\tfm-lung-cancer\outputs\experimentos\runs\M1_dropout_bloques0.25_lr0.0003_seed0,,
M1,cnn,,0.0003,0.4,0.378916827852998,0.0,0.34146341463414637,1.0,32.734365650018056,C:\Users\Cesar\Desktop\MAESTRIA\tfm-lung-cancer\tfm-lung-cancer\outputs\experimentos\runs\M1_dropout_bloques0.4_lr0.0003_seed0,,
M1,cnn,,0.0001,0.25,0.378916827852998,0.0,0.34146341463414637,1.0,41.2019863764445,C:\Users\Cesar\Desktop\MAESTRIA\tfm-lung-cancer\tfm-lung-cancer\outputs\experimentos\runs\M1_dropout_bloques0.25_lr0.0001_seed0,,
M1,cnn,,0.0001,0.4,0.378916827852998,0.0,0.34146341463414637,1.0,49.134424956639606,C:\Users\Cesar\Desktop\MAESTRIA\tfm-lung-cancer\tfm-lung-cancer\outputs\experimentos\runs\M1_dropout_bloques0.4_lr0.0001_seed0,,
M2,cnn,geometrico,0.0001,0.25,0.4167414333160189,0.0,0.4268292682926829,1.0,44.45117151737213,C:\Users\Cesar\Desktop\MAESTRIA\tfm-lung-cancer\tfm-lung-cancer\outputs\experimentos\runs\M2_aumentogeometrico_dropout_bloques0.25_lr0.0001_seed0,,
M3,cnn,cutmix,0.0001,0.25,0.378916827852998,0.0,0.34146341463414637,1.0,42.82331051429113,C:\Users\Cesar\Desktop\MAESTRIA\tfm-lung-cancer\tfm-lung-cancer\outputs\experimentos\runs\M3_aumentocutmix_dropout_bloques0.25_lr0.0001_seed0,,
M4,efficientnet,geometrico,,,0.5281980305516362,0.625,0.3780487804878049,0.7966101694915254,23.7449347337087,C:\Users\Cesar\Desktop\MAESTRIA\tfm-lung-cancer\tfm-lung-cancer\outputs\experimentos\runs\M4_aumentogeometrico_capas_descongeladas20_lr_ajuste0.0001_seed0,0.0001,20.0
M4,efficientnet,geometrico,,,0.4854480654409637,0.4375,0.4146341463414634,0.7288135593220338,24.194894659519196,C:\Users\Cesar\Desktop\MAESTRIA\tfm-lung-cancer\tfm-lung-cancer\outputs\experimentos\runs\M4_aumentogeometrico_capas_descongeladas50_lr_ajuste0.0001_seed0,0.0001,50.0
M4,efficientnet,geometrico,,,0.4894733498507084,0.5,0.34146341463414637,0.8135593220338984,17.396662052472433,C:\Users\Cesar\Desktop\MAESTRIA\tfm-lung-cancer\tfm-lung-cancer\outputs\experimentos\runs\M4_aumentogeometrico_capas_descongeladas20_lr_ajuste1e-05_seed0,1e-05,20.0
M4,efficientnet,geometrico,,,0.5165811511589408,0.75,0.3902439024390244,0.6949152542372882,18.800608905156455,C:\Users\Cesar\Desktop\MAESTRIA\tfm-lung-cancer\tfm-lung-cancer\outputs\experimentos\runs\M4_aumentogeometrico_capas_descongeladas50_lr_ajuste1e-05_seed0,1e-05,50.0
M5,efficientnet,geometrico,,,0.6074248799353988,0.5625,0.7439024390243902,0.6101694915254238,18.757899026076,C:\Users\Cesar\Desktop\MAESTRIA\tfm-lung-cancer\tfm-lung-cancer\outputs\experimentos\runs\M5_aumentogeometrico_capas_descongeladas20_lr_ajuste0.0001_seed0,0.0001,20.0
