modelo,metodo,clase,acierto,fraccion_torax,correlacion_entre_clases,fraccion_esquina
M1,gradcam,Benigno,False,0.22153840959072113,0.5008487374253326,0.022881103679537773
M1,gradcam,Benigno,False,0.22786200046539307,0.5008487374253326,0.02325284108519554
M1,gradcam,Maligno,False,0.22074666619300842,0.5008487374253326,0.023477956652641296
M1,gradcam,Maligno,False,0.18565835058689117,0.5008487374253326,0.023866547271609306
M1,gradcam,Normal,True,0.12279414385557175,0.5008487374253326,0.02303822711110115
M1,gradcam,Normal,True,0.1656399369239807,0.5008487374253326,0.02344556711614132
M4,gradcam,Benigno,True,0.07459894567728043,0.9997963283724451,0.0
M4,gradcam,Benigno,True,0.08404968678951263,0.9997963283724451,0.0
M4,gradcam,Benigno,False,0.05984076112508774,0.9997963283724451,0.0
M4,gradcam,Benigno,False,0.025567293167114258,0.9997963283724451,0.0
M4,gradcam,Maligno,True,0.0538354218006134,0.9997963283724451,0.0
M4,gradcam,Maligno,True,0.06664938479661942,0.9997963283724451,0.0
M4,gradcam,Maligno,False,0.07504373788833618,0.9997963283724451,0.0
M4,gradcam,Maligno,False,0.04387015849351883,0.9997963283724451,0.0
M4,gradcam,Normal,True,0.03373314440250397,0.9997963283724451,0.0
M4,gradcam,Normal,True,0.06254621595144272,0.9997963283724451,0.0
M4,gradcampp,Benigno,True,0.0,1.0,0.0
M4,gradcampp,Benigno,True,0.0,1.0,0.0
M4,gradcampp,Benigno,False,0.0,1.0,0.0
M4,gradcampp,Benigno,False,0.0,1.0,0.0
M4,gradcampp,Maligno,True,0.0,1.0,0.0
M4,gradcampp,Maligno,True,0.0,1.0,0.0
M4,gradcampp,Maligno,False,0.0,1.0,0.0
M4,gradcampp,Maligno,False,0.0,1.0,0.0
M4,gradcampp,Normal,True,0.0,1.0,0.0
M4,gradcampp,Normal,True,0.0,1.0,0.0
M4,scorecam,Benigno,True,0.12982748448848724,0.9999994921698816,0.00991725642234087
M4,scorecam,Benigno,True,0.1338678002357483,0.9999994921698816,0.009846269153058529
M4,scorecam,Benigno,False,0.09122240543365479,0.9999994921698816,0.009962577372789383
M4,scorecam,Benigno,False,0.07081799954175949,0.9999994921698816,0.009890382178127766
M4,scorecam,Maligno,True,0.09641636908054352,0.9999994921698816,0.009913263842463493
M4,scorecam,Maligno,True,0.10345765948295593,0.9999994921698816,0.009873883798718452
M4,scorecam,Maligno,False,0.13254788517951965,0.9999994921698816,0.0098879961296916
M4,scorecam,Maligno,False,0.09616256505250931,0.9999994921698816,0.010010730475187302
M4,scorecam,Normal,True,0.07393839210271835,0.9999994921698816,0.00993274338543415
M4,scorecam,Normal,True,0.09660901129245758,0.9999994921698816,0.00984706450253725
M3,gradcam,Benigno,False,0.21943801641464233,0.7305386657767508,0.020033709704875946
M3,gradcam,Benigno,False,0.22648173570632935,0.7305386657767508,0.020183850079774857
M3,gradcam,Maligno,False,0.2103681117296219,0.7305386657767508,0.020365992560982704
M3,gradcam,Maligno,False,0.17437902092933655,0.7305386657767508,0.024182254448533058
M3,gradcam,Normal,True,0.1133672446012497,0.7305386657767508,0.020478758960962296
M3,gradcam,Normal,True,0.1561652272939682,0.7305386657767508,0.020895138382911682
