tipo_particion,semilla,clase,train,grupos_train,val,grupos_val,test,grupos_test,muestras_vistas_M1,muestras_vistas_M2,muestras_vistas_M3
grupos,0,Benigno,88,11.0,16,3.0,16,1.0,,,
grupos,0,Maligno,399,23.0,82,4.0,80,3.0,,,
grupos,0,Normal,297,27.0,59,4.0,60,7.0,,,
grupos,0,TOTAL,784,61.0,157,11.0,156,11.0,21952,21952,21952
grupos,1,Benigno,86,9.0,16,3.0,18,3.0,,,
grupos,1,Maligno,400,23.0,82,4.0,79,3.0,,,
grupos,1,Normal,298,29.0,59,4.0,59,5.0,,,
grupos,1,TOTAL,784,61.0,157,11.0,156,11.0,,,
grupos,2,Benigno,88,11.0,16,3.0,16,1.0,,,
grupos,2,Maligno,400,23.0,81,4.0,80,3.0,,,
grupos,2,Normal,296,27.0,60,4.0,60,7.0,,,
grupos,2,TOTAL,784,61.0,157,11.0,156,11.0,,,
imagen,0,Benigno,84,,18,,18,,,,
imagen,0,Maligno,393,,84,,84,,,,
imagen,0,Normal,290,,63,,63,,,,
imagen,0,TOTAL,767,,165,,165,,,,
imagen,1,Benigno,84,,18,,18,,,,
imagen,1,Maligno,393,,84,,84,,,,
imagen,1,Normal,290,,63,,63,,,,
imagen,1,TOTAL,767,,165,,165,,,,
imagen,2,Benigno,84,,18,,18,,,,
imagen,2,Maligno,393,,84,,84,,,,
imagen,2,Normal,290,,63,,63,,,,
imagen,2,TOTAL,767,,165,,165,,,,
