modelo_a,modelo_b,semilla,b,c,p_valor,p_holm
M3,M1,0,0,0,1.0,1.0
M3,M2,0,0,0,1.0,1.0
M3,M4,0,0,42,4.547473508864641e-13,1.8189894035458565e-12
M3,M5,0,22,75,6.073393488182725e-08,1.8220180464548176e-07
M3,SVM_grupos,0,1,75,2.0381730293306602e-21,1.0190865146653301e-20
M3,M1,1,57,17,3.3971668169915183e-06,1.3588667267966073e-05
M3,M2,1,79,59,0.10545402577641194,0.10545402577641194
M3,M4,1,22,49,0.0018204049356112858,0.0036408098712225716
M3,M5,1,14,42,0.00023444586091919684,0.0007033375827575905
M3,SVM_grupos,1,6,57,1.6395687108330947e-11,8.197843554165474e-11
M3,M1,2,0,56,2.7755575615628914e-17,1.3877787807814457e-16
M3,M2,2,0,10,0.001953125,0.005859375
M3,M4,2,34,57,0.020584209038374254,0.04116841807674851
M3,M5,2,30,50,0.03299261842647619,0.04116841807674851
M3,SVM_grupos,2,1,58,2.0816681711721685e-16,8.326672684688674e-16
M3,M1,agregado,57,73,0.18810748401589172,0.37621496803178345
M3,M2,agregado,79,69,0.4595410438306946,0.4595410438306946
M3,M4,agregado,56,148,9.016864116721051e-11,2.705059235016315e-10
M3,M5,agregado,66,167,2.8012970087008677e-11,1.1205188034803471e-10
M3,SVM_grupos,agregado,8,190,2.6373156723925076e-46,1.3186578361962538e-45
