modelo,semilla,n_test,exactitud,f1_macro,auc_macro,sens_benigno,sens_maligno,sens_normal,esp_benigno,esp_maligno,esp_normal,mal_a_normal,mal_a_benigno
M1,0,156,0.8012820512820513,0.5805327868852459,0.8746801900584794,0.0,0.9875,0.7666666666666667,0.9,0.9868421052631579,0.8333333333333334,0,1
M1,1,156,0.3782051282051282,0.18294573643410852,0.5381804822161306,0.0,0.0,1.0,1.0,1.0,0.0,79,0
M1,2,156,0.6730769230769231,0.5311360125079817,0.9014924463937621,0.375,1.0,0.31666666666666665,0.7857142857142857,0.8552631578947368,0.8958333333333334,0,0
M2,0,156,0.46794871794871795,0.29411864263349413,0.5101532041910332,0.0,0.175,0.9833333333333333,1.0,0.9078947368421053,0.20833333333333334,66,0
M2,1,156,0.3782051282051282,0.18294573643410852,0.6798068702891867,0.0,0.0,1.0,1.0,1.0,0.0,79,0
M2,2,156,0.5128205128205128,0.22598870056497175,0.5680575135756057,0.0,1.0,0.0,1.0,0.0,1.0,0,0
M3,0,156,0.47435897435897434,0.29741496598639455,0.3627619395711501,0.0,0.175,1.0,1.0,0.9210526315789473,0.20833333333333334,66,0
M3,1,156,0.5064102564102564,0.22411347517730495,0.7376979105790133,0.0,1.0,0.0,1.0,0.0,1.0,0,0
M3,2,156,0.46794871794871795,0.32319184953951763,0.5308348997493735,0.0,0.3375,0.7666666666666667,1.0,0.7368421052631579,0.34375,53,0
M4,0,156,0.6538461538461539,0.5415384076724895,0.8091735414926203,0.25,0.475,1.0,0.8785714285714286,1.0,0.6145833333333334,25,17
M4,1,156,0.6794871794871795,0.5901960784313726,0.8629841504587951,0.3333333333333333,0.7215189873417721,0.7288135593220338,0.8840579710144928,1.0,0.6494845360824743,22,0
M4,2,156,0.6602564102564102,0.5411349725075215,0.7670230263157896,0.125,0.575,0.9166666666666666,0.7642857142857142,1.0,0.7916666666666666,6,28
M5,0,156,0.7243589743589743,0.6325441401106577,0.8847644284321916,0.5,0.8375,0.6333333333333333,0.8357142857142857,0.868421052631579,0.8958333333333334,6,7
M5,1,156,0.6858974358974359,0.503584229390681,0.7511285318901361,0.0,0.8227848101265823,0.711864406779661,0.8985507246376812,0.8441558441558441,0.7628865979381443,10,4
M5,2,156,0.6410256410256411,0.5670890637296012,0.8441424742411584,0.4375,0.625,0.7166666666666667,0.8285714285714286,0.9605263157894737,0.6979166666666666,21,9
SVM_grupos,0,156,0.8589743589743589,0.6710437710437711,0.9555533799777219,0.125,0.9125,0.9833333333333333,1.0,0.9868421052631579,0.78125,7,0
SVM_grupos,1,156,0.8333333333333334,0.7403652574058096,0.9325524354328941,0.5,0.9240506329113924,0.8135593220338984,0.9202898550724637,1.0,0.845360824742268,6,0
SVM_grupos,2,156,0.8782051282051282,0.6135419062955295,0.7553018831801727,0.0,0.9875,0.9666666666666667,1.0,0.9736842105263158,0.8229166666666666,1,0
SVM_imagen,0,165,1.0,1.0,1.0,1.0,1.0,1.0,1.0,1.0,1.0,0,0
SVM_imagen,1,165,1.0,1.0,1.0,1.0,1.0,1.0,1.0,1.0,1.0,0,0
SVM_imagen,2,165,0.9939393939393939,0.98785151856018,0.9989329064959317,0.9444444444444444,1.0,1.0,1.0,1.0,0.9901960784313726,0,0
