modelo,metrica,media,de,ic95_inf,ic95_sup
M1,exactitud,0.6175213675213675,0.21694085720507789,0.5726495726495726,0.6602564102564102
M1,f1_macro,0.431538178609112,0.2166994740640109,0.45056991764383914,0.5341299021122161
M1,auc_macro,0.771451039556124,0.20246256188177264,0.8088245034658367,0.8550651517378701
M1,sens_maligno,0.6625,0.573775870876425,0.6023967909552904,0.725324087103356
M1,sens_benigno,0.125,0.21650635094610965,0.03389830508474576,0.21739130434782608
M2,exactitud,0.452991452991453,0.06854279885617709,0.4080662393162393,0.5
M2,f1_macro,0.2343510265441915,0.056056223026898604,0.2864069684485815,0.3499282874511707
M2,auc_macro,0.5860058626852752,0.08623919661011387,0.48486088126201904,0.5745285982685456
M2,sens_maligno,0.39166666666666666,0.5340489990004039,0.3304307937774232,0.4554040458970036
M2,sens_benigno,0.0,0.0,0.0,0.0
M3,exactitud,0.4829059829059829,0.020606091369643056,0.4358974358974359,0.5256410256410257
M3,f1_macro,0.28157343023440573,0.051403762097738,0.3082146937852373,0.3683762213580303
M3,auc_macro,0.5437649166331789,0.18780211551354775,0.4701402967976042,0.5534268231694978
M3,sens_maligno,0.5041666666666668,0.4370235500900762,0.4374932359307359,0.5648756438680423
M3,sens_benigno,0.0,0.0,0.0,0.0
M4,exactitud,0.6645299145299145,0.01334401281709061,0.6239316239316239,0.7072649572649573
M4,f1_macro,0.5576231528704612,0.028209702226017697,0.5145433811089652,0.5994862336308787
M4,auc_macro,0.8130602394224017,0.048098483887700175,0.7786894341116364,0.8493370530712684
M4,sens_maligno,0.590506329113924,0.12398886023326934,0.5265636918382914,0.6537002394492667
M4,sens_benigno,0.23611111111111108,0.10485881160098262,0.1276595744680851,0.3673469387755102
M5,exactitud,0.6837606837606837,0.04170773781184427,0.6410256410256411,0.7264957264957265
M5,f1_macro,0.5677391444103134,0.06448241308213168,0.530594098110086,0.6230135846564236
M5,auc_macro,0.8266784781878287,0.06850825920838144,0.7625041526230374,0.8411470239405074
M5,sens_maligno,0.7617616033755276,0.11866733468666302,0.7049111157224874,0.8167402729507502
M5,sens_benigno,0.3125,0.2724311839712921,0.17391304347826086,0.4324911868390126
SVM_grupos,exactitud,0.8568376068376068,0.02251208066848873,0.8247863247863247,0.8867521367521367
SVM_grupos,f1_macro,0.6749836449150367,0.06350340582442375,0.6452438987225134,0.7521208808349192
SVM_grupos,auc_macro,0.8811358995302628,0.10958061240741743,0.8356087864533855,0.9094013093967825
SVM_grupos,sens_maligno,0.9413502109704641,0.04038200776046727,0.9090909090909091,0.9694323144104804
SVM_grupos,sens_benigno,0.20833333333333334,0.2602082499332666,0.10868096357226792,0.3409090909090909
SVM_imagen,exactitud,0.9979797979797981,0.003499092540543209,0.9939393939393939,1.0
SVM_imagen,f1_macro,0.9959505061867268,0.0070139290295252186,0.9868369068804932,1.0
SVM_imagen,auc_macro,0.9996443021653105,0.0006160867218243376,0.9991951619934912,1.0
SVM_imagen,sens_maligno,1.0,0.0,1.0,1.0
SVM_imagen,sens_benigno,0.9814814814814815,0.03207501495497923,0.9387755102040817,1.0
