fase,epoca,accuracy,loss,val_accuracy,val_loss,val_f1_macro,val_sens_benigno,val_sens_maligno,val_sens_normal,learning_rate
fase1,1,0.5599489808082581,1.1229841709136963,0.31847134232521057,1.2021613121032715,0.2754049013782171,1.0,0.4074074074074074,0.016666666666666666,0.0010000000474974513
fase1,2,0.6007652878761292,0.9036473631858826,0.5796178579330444,1.05866277217865,0.5377985362095532,0.6875,0.3950617283950617,0.8,0.0010000000474974513
fase1,3,0.6326530575752258,0.8852248191833496,0.5732483863830566,0.9956737160682678,0.5077389409870229,0.4375,0.38271604938271603,0.8666666666666667,0.0010000000474974513
fase1,4,0.6977040767669678,0.8395640850067139,0.331210196018219,1.2562156915664673,0.3287543268459299,0.875,0.35802469135802467,0.15,0.0010000000474974513
fase1,5,0.6836734414100647,0.808180034160614,0.4394904375076294,1.1209360361099243,0.43288854003139715,0.6875,0.37037037037037035,0.4666666666666667,0.0010000000474974513
fase1,6,0.6989796161651611,0.8050002455711365,0.5732483863830566,1.0898385047912598,0.5297613147746957,0.625,0.4444444444444444,0.7333333333333333,0.0010000000474974513
fase1,7,0.7104591727256775,0.8000538349151611,0.6305732727050781,0.9346743226051331,0.571975014751063,0.5,0.5308641975308642,0.8,0.0010000000474974513
fase1,8,0.7232142686843872,0.7522144913673401,0.6305732727050781,0.9097334742546082,0.574211546966965,0.5625,0.5802469135802469,0.7166666666666667,0.0010000000474974513
fase1,9,0.7423469424247742,0.7577915787696838,0.5732483863830566,0.9869141578674316,0.5371914808534527,0.75,0.5679012345679012,0.5333333333333333,0.0010000000474974513
fase1,10,0.7448979616165161,0.7627983689308167,0.6878980994224548,0.8508044481277466,0.6156508232370301,0.5625,0.7283950617283951,0.6666666666666666,0.0010000000474974513
fase1,11,0.7257652878761292,0.764113187789917,0.5095541477203369,1.1120045185089111,0.48867924528301887,0.6875,0.48148148148148145,0.5,0.0010000000474974513
fase1,12,0.7576530575752258,0.7498458623886108,0.5477706789970398,1.0095748901367188,0.5108889999444722,0.8125,0.6296296296296297,0.36666666666666664,0.0010000000474974513
fase1,13,0.7397959232330322,0.7348344922065735,0.5605095624923706,1.0084515810012817,0.5253912122738181,0.8125,0.6296296296296297,0.4,0.0010000000474974513
fase1,14,0.7563775777816772,0.72922283411026,0.6433120965957642,0.8545586466789246,0.5798356186845396,0.5,0.5679012345679012,0.7833333333333333,0.0010000000474974513
fase1,15,0.7627550959587097,0.7256550788879395,0.6815286874771118,0.907544732093811,0.6188822531888226,0.5625,0.6296296296296297,0.7833333333333333,0.0010000000474974513
fase1,16,0.7551020383834839,0.734063446521759,0.6433120965957642,0.8731102347373962,0.5923520411182404,0.5625,0.5555555555555556,0.7833333333333333,0.0010000000474974513
fase1,17,0.795918345451355,0.6957969665527344,0.7261146306991577,0.7918903231620789,0.6470624246025316,0.5,0.7530864197530864,0.75,0.0010000000474974513
fase1,18,0.7793367505073547,0.7151477336883545,0.5605095624923706,0.9883140921592712,0.5227668845315904,0.8125,0.654320987654321,0.36666666666666664,0.0010000000474974513
fase1,19,0.7716836929321289,0.708717942237854,0.662420392036438,0.8322681784629822,0.5945964621337755,0.4375,0.5679012345679012,0.85,0.0010000000474974513
fase1,20,0.7627550959587097,0.7152296304702759,0.7197452187538147,0.8204774260520935,0.6451407110150743,0.5,0.7530864197530864,0.7333333333333333,0.0010000000474974513
fase2,1,0.7142857313156128,0.8055777549743652,0.5605095624923706,1.1105107069015503,0.5025676937441643,0.375,0.37037037037037035,0.8666666666666667,9.999999747378752e-05
fase2,2,0.7882652878761292,0.7339085936546326,0.5477706789970398,1.1482664346694946,0.5105160097182435,0.5625,0.345679012345679,0.8166666666666667,9.999999747378752e-05
fase2,3,0.8035714030265808,0.6923065185546875,0.6178343892097473,0.9874415397644043,0.575941230486685,0.6875,0.49382716049382713,0.7666666666666667,9.999999747378752e-05
fase2,4,0.8073979616165161,0.684782087802887,0.6496815085411072,0.9176260828971863,0.6028685105822862,0.625,0.5679012345679012,0.7666666666666667,9.999999747378752e-05
fase2,5,0.831632673740387,0.6526341438293457,0.6369426846504211,0.9214974045753479,0.5941798941798941,0.625,0.5308641975308642,0.7833333333333333,9.999999747378752e-05
fase2,6,0.8073979616165161,0.6384267210960388,0.6942675113677979,0.8601148128509521,0.6482673845435213,0.6875,0.6419753086419753,0.7666666666666667,9.999999747378752e-05
fase2,7,0.8456632494926453,0.6055958271026611,0.7006369233131409,0.8415778875350952,0.6441458803663528,0.625,0.6790123456790124,0.75,9.999999747378752e-05
fase2,8,0.8520408272743225,0.6240874528884888,0.7133758068084717,0.8486018180847168,0.6794613836867359,0.75,0.6790123456790124,0.75,9.999999747378752e-05
fase2,9,0.8392857313156128,0.6010445356369019,0.7133758068084717,0.8075364828109741,0.6446883905913093,0.5,0.7283950617283951,0.75,9.999999747378752e-05
fase2,10,0.8686224222183228,0.5894646048545837,0.675159215927124,0.897560179233551,0.6323039795114264,0.6875,0.654320987654321,0.7,9.999999747378752e-05
fase2,11,0.8635203838348389,0.5665621757507324,0.6305732727050781,0.9021459817886353,0.5332704085913248,0.25,0.6049382716049383,0.7666666666666667,9.999999747378752e-05
fase2,12,0.8686224222183228,0.5734207630157471,0.6496815085411072,0.8563113808631897,0.5573004240559204,0.375,0.7530864197530864,0.5833333333333334,9.999999747378752e-05
fase2,13,0.8762755393981934,0.5520365238189697,0.668789803981781,0.8361877799034119,0.5758742250496374,0.375,0.7777777777777778,0.6,9.999999747378752e-05
fase2,14,0.8928571343421936,0.5452432036399841,0.675159215927124,0.8376221060752869,0.5743226447924434,0.3125,0.7160493827160493,0.7166666666666667,4.999999873689376e-05
fase2,15,0.894132673740387,0.5338859558105469,0.656050980091095,0.8410117030143738,0.5663807206503958,0.375,0.7407407407407407,0.6166666666666667,4.999999873689376e-05
fase2,16,0.8890306353569031,0.5339305400848389,0.662420392036438,0.8371996283531189,0.5608543417366947,0.3125,0.7654320987654321,0.6166666666666667,4.999999873689376e-05
fase2,17,0.8762755393981934,0.5435307025909424,0.675159215927124,0.8425203561782837,0.5948322510822511,0.375,0.7160493827160493,0.7,4.999999873689376e-05
fase2,18,0.9043367505073547,0.5239323973655701,0.668789803981781,0.8381660580635071,0.5802133712660029,0.375,0.7283950617283951,0.6666666666666666,4.999999873689376e-05
fase2,19,0.8954081535339355,0.5292139053344727,0.6942675113677979,0.8225111365318298,0.6079975325776853,0.375,0.7160493827160493,0.75,2.499999936844688e-05
fase2,20,0.8839285969734192,0.5357433557510376,0.6815286874771118,0.8305317163467407,0.5533349904714558,0.1875,0.7160493827160493,0.7666666666666667,2.499999936844688e-05
fase2,21,0.9145408272743225,0.5163981914520264,0.6878980994224548,0.8358957767486572,0.5778826150343178,0.25,0.7283950617283951,0.75,2.499999936844688e-05
fase2,22,0.9081632494926453,0.5134552717208862,0.6878980994224548,0.8368983864784241,0.5779220779220778,0.25,0.7283950617283951,0.75,2.499999936844688e-05
fase2,23,0.9094387888908386,0.5041795969009399,0.6815286874771118,0.8368379473686218,0.5714757353444028,0.25,0.7530864197530864,0.7,2.499999936844688e-05
