fase,epoca,accuracy,loss,val_accuracy,val_loss,val_f1_macro,val_sens_benigno,val_sens_maligno,val_sens_normal
unica,1,0.31887754797935486,1.1952452659606934,0.522292971611023,1.0906295776367188,0.2287308228730823,0.0,1.0,0.0
unica,2,0.34566327929496765,1.1305997371673584,0.3757961690425873,1.0781837701797485,0.18209876543209877,0.0,0.0,1.0
unica,3,0.3125,1.1131550073623657,0.3757961690425873,1.070728063583374,0.18209876543209877,0.0,0.0,1.0
unica,4,0.4234693944454193,1.1068800687789917,0.10191082954406738,1.1747654676437378,0.06165703275529865,1.0,0.0,0.0
unica,5,0.27551019191741943,1.1408623456954956,0.10191082954406738,1.1292576789855957,0.06165703275529865,1.0,0.0,0.0
unica,6,0.30102041363716125,1.1072620153427124,0.522292971611023,1.0702462196350098,0.3624193744675672,0.0,0.6097560975609756,0.5423728813559322
unica,7,0.3877550959587097,1.108145833015442,0.3757961690425873,1.1052358150482178,0.18209876543209877,0.0,0.0,1.0
unica,8,0.3571428656578064,1.1013978719711304,0.5541401505470276,1.092505931854248,0.378916827852998,0.0,0.34146341463414637,1.0
unica,9,0.30994898080825806,1.1017605066299438,0.2802547812461853,1.0938249826431274,0.24326018808777428,1.0,0.34146341463414637,0.0
unica,10,0.2551020383834839,1.0995014905929565,0.2802547812461853,1.0886272192001343,0.24326018808777428,1.0,0.34146341463414637,0.0
unica,11,0.36352041363716125,1.098488688468933,0.2802547812461853,1.077167272567749,0.24326018808777428,1.0,0.34146341463414637,0.0
unica,12,0.40816327929496765,1.0975629091262817,0.2802547812461853,1.0483787059783936,0.24326018808777428,1.0,0.34146341463414637,0.0
unica,13,0.32780611515045166,1.0971052646636963,0.2802547812461853,1.011608362197876,0.24326018808777428,1.0,0.34146341463414637,0.0
unica,14,0.3176020383834839,1.0949424505233765,0.2802547812461853,0.9698570966720581,0.24326018808777428,1.0,0.34146341463414637,0.0
unica,15,0.32780611515045166,1.0919127464294434,0.2802547812461853,0.9585119485855103,0.24326018808777428,1.0,0.34146341463414637,0.0
unica,16,0.25127550959587097,1.08432137966156,0.2802547812461853,0.9980538487434387,0.24326018808777428,1.0,0.34146341463414637,0.0
unica,17,0.23469388484954834,1.081290364265442,0.2802547812461853,1.0319644212722778,0.24326018808777428,1.0,0.34146341463414637,0.0
unica,18,0.2678571343421936,1.0790605545043945,0.2802547812461853,1.0702801942825317,0.24326018808777428,1.0,0.34146341463414637,0.0
unica,19,0.21556122601032257,1.0779577493667603,0.2802547812461853,1.0895888805389404,0.24326018808777428,1.0,0.34146341463414637,0.0
unica,20,0.2933673560619354,1.0773826837539673,0.2802547812461853,1.1053197383880615,0.24326018808777428,1.0,0.34146341463414637,0.0
unica,21,0.3839285671710968,1.0598981380462646,0.2802547812461853,1.155545711517334,0.23683884553449772,1.0,0.34146341463414637,0.0
unica,22,0.3035714328289032,1.0664300918579102,0.2802547812461853,1.0772885084152222,0.24326018808777428,1.0,0.34146341463414637,0.0
unica,23,0.22959183156490326,1.0784066915512085,0.2802547812461853,1.0835795402526855,0.24326018808777428,1.0,0.34146341463414637,0.0
unica,24,0.2538265287876129,1.077448844909668,0.2802547812461853,1.0921310186386108,0.24326018808777428,1.0,0.34146341463414637,0.0
unica,25,0.29209184646606445,1.0780479907989502,0.5541401505470276,1.098572850227356,0.378916827852998,0.0,0.34146341463414637,1.0
unica,26,0.26658162474632263,1.0779571533203125,0.2802547812461853,1.1046035289764404,0.24326018808777428,1.0,0.34146341463414637,0.0
unica,27,0.2627550959587097,1.0773444175720215,0.5541401505470276,1.1054050922393799,0.378916827852998,0.0,0.34146341463414637,1.0
unica,28,0.3163265287876129,1.0776010751724243,0.5541401505470276,1.107936978340149,0.378916827852998,0.0,0.34146341463414637,1.0
unica,29,0.2895408272743225,1.0779526233673096,0.5541401505470276,1.112964391708374,0.378916827852998,0.0,0.34146341463414637,1.0
unica,30,0.31505101919174194,1.0780060291290283,0.5541401505470276,1.1137586832046509,0.378916827852998,0.0,0.34146341463414637,1.0
unica,31,0.3176020383834839,1.077001690864563,0.2802547812461853,1.1132553815841675,0.24326018808777428,1.0,0.34146341463414637,0.0
unica,32,0.3341836631298065,1.077479362487793,0.5541401505470276,1.112305998802185,0.378916827852998,0.0,0.34146341463414637,1.0
unica,33,0.28698980808258057,1.0776550769805908,0.5541401505470276,1.1160390377044678,0.378916827852998,0.0,0.34146341463414637,1.0
unica,34,0.25127550959587097,1.0775926113128662,0.2802547812461853,1.1152687072753906,0.24326018808777428,1.0,0.34146341463414637,0.0
unica,35,0.2716836631298065,1.0783389806747437,0.2802547812461853,1.1130074262619019,0.24326018808777428,1.0,0.34146341463414637,0.0
unica,36,0.25765305757522583,1.077589750289917,0.2802547812461853,1.113402009010315,0.24326018808777428,1.0,0.34146341463414637,0.0
unica,37,0.30612245202064514,1.0773899555206299,0.2802547812461853,1.112292766571045,0.24326018808777428,1.0,0.34146341463414637,0.0
unica,38,0.28826531767845154,1.0778710842132568,0.5541401505470276,1.111419916152954,0.378916827852998,0.0,0.34146341463414637,1.0
unica,39,0.31887754797935486,1.0775084495544434,0.5541401505470276,1.1151354312896729,0.378916827852998,0.0,0.34146341463414637,1.0
unica,40,0.2895408272743225,1.0778883695602417,0.2802547812461853,1.1167824268341064,0.24326018808777428,1.0,0.34146341463414637,0.0
